artist,title,duration_dali,duration_rockband,delta,filename_dali,filename_rockband
kenny rogers,the gambler,211.92341666666667,220.22820861678002,4.806530612244898,/mnt/nfs/analysis/audio_database/dali/audio/01da0552aef647d087bba8d7e3a67677.mp3,/mnt/nfs/analysis/audio_database/separated_sources/rockband_multitrack/Kenny Rogers - The Gambler
nirvana,all apologies,233.04197916666664,229.39138321995463,1.0448979591836736,/mnt/nfs/analysis/audio_database/dali/audio/046eb308496c4adaa9d3d700b5a92506.mp3,/mnt/nfs/analysis/audio_database/separated_sources/rockband_multitrack/Nirvana - All Apologies
paramore,misery business,199.3382083333333,202.59066666666664,4.522666666666667,/mnt/nfs/analysis/audio_database/dali/audio/04e641f6b00f49b0bbdcb5c30da7fbbb.mp3,/mnt/nfs/analysis/audio_database/separated_sources/rockband_multitrack/Paramore - Misery Business
creedence clearwater revival,bad moon rising,140.08598639455784,138.87866666666667,2.304,/mnt/nfs/analysis/audio_database/dali/audio/068838b113a24bada34ee9b462f68a37.mp3,/mnt/nfs/analysis/audio_database/separated_sources/rockband_multitrack/Creedence Clearwater Revival - Bad Moon Rising
megadeth,tornado of souls,319.2925,322.81687074829927,3.3668934240362813,/mnt/nfs/analysis/audio_database/dali/audio/06aa4ab824794516a7111289a1a7081e.mp3,/mnt/nfs/analysis/audio_database/separated_sources/rockband_multitrack/Megadeth - Tornado Of Souls
the doors,riders on the storm,416.8489795918367,407.08133333333336,-7.274666666666667,/mnt/nfs/analysis/audio_database/dali/audio/0a50b95f828e4217849aa09d4764bcce.mp3,/mnt/nfs/analysis/audio_database/separated_sources/rockband_multitrack/The Doors - Riders on the Storm
green day,she,134.23310657596372,138.25733333333332,2.6026666666666665,/mnt/nfs/analysis/audio_database/dali/audio/0aac57f7e23e41de89746101022475fa.mp3,/mnt/nfs/analysis/audio_database/separated_sources/rockband_multitrack/Green Day - She
green day,in the end,110.11554166666667,106.00933333333332,-3.349333333333333,/mnt/nfs/analysis/audio_database/dali/audio/0ba7744eb2ee4b89b2c44c679a9a2bc3.mp3,/mnt/nfs/analysis/audio_database/separated_sources/rockband_multitrack/Green Day - In the End
the mother hips,time we had,187.0599546485261,189.10766439909298,3.5294331065759637,/mnt/nfs/analysis/audio_database/dali/audio/0e8ae1d783864698ad6093549ec412b8.mp3,/mnt/nfs/analysis/audio_database/separated_sources/rockband_multitrack/The Mother Hips - Time We Had
nirvana,territorial pissings,143.854125,147.12598639455783,3.8080725623582765,/mnt/nfs/analysis/audio_database/dali/audio/0fa50f4e27ee42a2821465125bdb9c43.mp3,/mnt/nfs/analysis/audio_database/separated_sources/rockband_multitrack/Nirvana - Territorial Pissings
green day,coming clean,95.0225625,98.26266666666666,2.496,/mnt/nfs/analysis/audio_database/dali/audio/110030a28bc14d55887814f2107e7a1e.mp3,/mnt/nfs/analysis/audio_database/separated_sources/rockband_multitrack/Green Day - Coming Clean
maroon 5,this love,202.391625,211.0413333333333,3.1359999999999997,/mnt/nfs/analysis/audio_database/dali/audio/111eeff2073540cdb65b659054f0e6f5.mp3,/mnt/nfs/analysis/audio_database/separated_sources/rockband_multitrack/Maroon 5 - This Love
foo fighters,best of you,256.40125,255.8813333333333,1.1946666666666665,/mnt/nfs/analysis/audio_database/dali/audio/11bc92565b60480d9797e4638dee5281.mp3,/mnt/nfs/analysis/audio_database/separated_sources/rockband_multitrack/Foo Fighters - Best of You
foo fighters,learn to fly,235.433625,240.99022222222226,2.616888888888889,/mnt/nfs/analysis/audio_database/dali/audio/134eb808a0da49168af254283b6b3954.mp3,/mnt/nfs/analysis/audio_database/separated_sources/rockband_multitrack/Foo Fighters - Learn to Fly
don mclean,american pie,513.5390208333333,520.0093333333333,6.293333333333333,/mnt/nfs/analysis/audio_database/dali/audio/155c1427eb074347b7fc4dc89ccd2a27.mp3,/mnt/nfs/analysis/audio_database/separated_sources/rockband_multitrack/Don McLean - American Pie
billy joel,piano man,339.969875,344.51066666666674,3.072,/mnt/nfs/analysis/audio_database/dali/audio/158084bd064c4848a65637e90225a591.mp3,/mnt/nfs/analysis/audio_database/separated_sources/rockband_multitrack/Billy Joel - Piano Man
billy joel,my life,285.0314583333333,282.3913333333333,-0.29866666666666664,/mnt/nfs/analysis/audio_database/dali/audio/16dfa7787e584320806b49d09042bc27.mp3,/mnt/nfs/analysis/audio_database/separated_sources/rockband_multitrack/Billy Joel - My Life
dropkick murphys,i'm shipping up to boston,158.633625,155.844,3.477333333333333,/mnt/nfs/analysis/audio_database/dali/audio/1cdaa521d33c403882da69d077651e90.mp3,/mnt/nfs/analysis/audio_database/separated_sources/rockband_multitrack/Dropkick Murphys - I'm Shipping Up To Boston
garbage,i think i'm paranoid,219.89947916666668,227.73696145124717,4.040272108843538,/mnt/nfs/analysis/audio_database/dali/audio/215a11a438ce4963be16212d71d68aaa.mp3,/mnt/nfs/analysis/audio_database/separated_sources/rockband_multitrack/Garbage - I Think I'm Paranoid
pearl jam,why go,199.18729166666665,204.64761904761903,3.8080725623582765,/mnt/nfs/analysis/audio_database/dali/audio/22cf71f0eafb4ad583c7642c803be421.mp3,/mnt/nfs/analysis/audio_database/separated_sources/rockband_multitrack/Pearl Jam - Why Go
billy squier,the stroke,225.44904166666663,221.8093333333333,-6.634666666666666,/mnt/nfs/analysis/audio_database/dali/audio/2349ef4722504759a0d5a3dddda2bfa4.mp3,/mnt/nfs/analysis/audio_database/separated_sources/rockband_multitrack/Billy Squier - The Stroke
nine inch nails,the collector,187.70866213151928,190.9217233560091,3.297233560090703,/mnt/nfs/analysis/audio_database/dali/audio/23aaf9707c2e43a1a46e70eeed3d09db.mp3,/mnt/nfs/analysis/audio_database/separated_sources/rockband_multitrack/Nine Inch Nails - The Collector
john lennon,happy xmas (war is over),215.99852083333332,212.6413333333333,2.432,/mnt/nfs/analysis/audio_database/dali/audio/274c189ef7ba41eb9903d3ce7b710e13.mp3,/mnt/nfs/analysis/audio_database/separated_sources/rockband_multitrack/John Lennon - Happy Xmas (War Is Over)
live,i alone,234.12170833333332,240.67337868480732,0.2089795918367347,/mnt/nfs/analysis/audio_database/dali/audio/280ca8fa4d5a4b43b8260ce999688994.mp3,/mnt/nfs/analysis/audio_database/separated_sources/rockband_multitrack/Live - I Alone
testament,electric crown,337.34602083333334,332.8943310657596,0.5804988662131519,/mnt/nfs/analysis/audio_database/dali/audio/28425b77fa7f4f7d8f51ae5d6d1418fd.mp3,/mnt/nfs/analysis/audio_database/separated_sources/rockband_multitrack/Testament - Electric Crown
the all-american rejects,dirty little secret,193.73360416666668,199.31863945578232,2.8560544217687074,/mnt/nfs/analysis/audio_database/dali/audio/2bed5ffd71534ca9a412742e412bdf57.mp3,/mnt/nfs/analysis/audio_database/separated_sources/rockband_multitrack/The All-American Rejects - Dirty Little Secret
queen,under pressure,237.02784580498863,244.628,3.456,/mnt/nfs/analysis/audio_database/dali/audio/2e70295946894f6583bf7019f663d645.mp3,/mnt/nfs/analysis/audio_database/separated_sources/rockband_multitrack/Queen - Under Pressure
blink-182,always,251.188375,252.00761904761902,0.11609977324263039,/mnt/nfs/analysis/audio_database/dali/audio/2fa26cf669784c47b5701a1d8b23e3e3.mp3,/mnt/nfs/analysis/audio_database/separated_sources/rockband_multitrack/Blink-182 - Always
marilyn manson,the dope show,220.9146485260771,228.01466666666667,5.1626666666666665,/mnt/nfs/analysis/audio_database/dali/audio/2fa99dcd76614b4297b39b25d3135420.mp3,/mnt/nfs/analysis/audio_database/separated_sources/rockband_multitrack/Marilyn Manson - The Dope Show
green day,when i come around,173.83108333333337,182.86266666666666,4.629333333333333,/mnt/nfs/analysis/audio_database/dali/audio/32943fa9d19f4b648d8ab4a4881ea7b1.mp3,/mnt/nfs/analysis/audio_database/separated_sources/rockband_multitrack/Green Day - When I Come Around
the cab,bounce,212.9335,216.2227664399093,5.015510204081632,/mnt/nfs/analysis/audio_database/dali/audio/350a45f303f34467843c612b30dc648f.mp3,/mnt/nfs/analysis/audio_database/separated_sources/rockband_multitrack/The Cab - Bounce
erasure,a little respect,211.0875,219.9263492063492,-0.18575963718820862,/mnt/nfs/analysis/audio_database/dali/audio/37e8a7c9534f48d0995e769099277707.mp3,/mnt/nfs/analysis/audio_database/separated_sources/rockband_multitrack/Erasure - A Little Respect
bon jovi,we weren't born to follow,243.3864583333333,252.06266666666667,1.216,/mnt/nfs/analysis/audio_database/dali/audio/3a418ee1f18e4656af4c51251de3c9df.mp3,/mnt/nfs/analysis/audio_database/separated_sources/rockband_multitrack/Bon Jovi - We Weren't Born to Follow
the bangles,walk like an egyptian,202.786375,206.77224489795918,2.1130158730158732,/mnt/nfs/analysis/audio_database/dali/audio/3a7734d489bb44c48714e7412825ee39.mp3,/mnt/nfs/analysis/audio_database/separated_sources/rockband_multitrack/The Bangles - Walk Like An Egyptian
the killers,when you were young,226.9213605442177,223.8360090702948,-3.1346938775510207,/mnt/nfs/analysis/audio_database/dali/audio/3c5f0cbc2f674cc89311bc94fae10963.mp3,/mnt/nfs/analysis/audio_database/separated_sources/rockband_multitrack/The Killers - When You Were Young
pearl jam,jeremy,319.59945578231293,320.8692970521542,3.3901133786848074,/mnt/nfs/analysis/audio_database/dali/audio/3fdb0066c82641fba372d9bbafdbe440.mp3,/mnt/nfs/analysis/audio_database/separated_sources/rockband_multitrack/Pearl Jam - Jeremy
stevie wonder,sir duke,232.50791666666663,238.64010416666667,4.949333333333334,/mnt/nfs/analysis/audio_database/dali/audio/418f38bd986e495495148d5e7f63368e.mp3,/mnt/nfs/analysis/audio_database/separated_sources/rockband_multitrack/Stevie Wonder - Sir Duke
creedence clearwater revival,green river,156.0845351473923,150.46965986394557,3.599092970521542,/mnt/nfs/analysis/audio_database/dali/audio/44a8dcba6fbd458ebc94c6fa232fe916.mp3,/mnt/nfs/analysis/audio_database/separated_sources/rockband_multitrack/Creedence Clearwater Revival - Green River
the doors,break on through (to the other side),150.05385416666667,151.40666666666667,1.024,/mnt/nfs/analysis/audio_database/dali/audio/46e4f04dc028490f9d49f1718bcfe10f.mp3,/mnt/nfs/analysis/audio_database/separated_sources/rockband_multitrack/The Doors - Break On Through (To the Other Side)
ozzy osbourne,bark at the moon,265.08625850340144,259.5373333333333,-3.6479999999999997,/mnt/nfs/analysis/audio_database/dali/audio/482a7b57d36e437c9fc5c614564bbb9f.mp3,/mnt/nfs/analysis/audio_database/separated_sources/rockband_multitrack/Ozzy Osbourne - Bark at the Moon
foo fighters,february stars,294.38258503401363,295.4202267573696,1.0913378684807256,/mnt/nfs/analysis/audio_database/dali/audio/4af35ef1ced24b1898f9caa5336cde03.mp3,/mnt/nfs/analysis/audio_database/separated_sources/rockband_multitrack/Foo Fighters - February Stars
culture club,do you really want to hurt me,270.6815208333333,271.636,-3.968,/mnt/nfs/analysis/audio_database/dali/audio/4d4efe41abf44932b86ab24b34ba5a4c.mp3,/mnt/nfs/analysis/audio_database/separated_sources/rockband_multitrack/Culture Club - Do You Really Want To Hurt Me
nirvana,come as you are,225.6580208333333,227.80666666666667,2.0906666666666665,/mnt/nfs/analysis/audio_database/dali/audio/4d6c2dd784d641d8a384d8c2aaddafd2.mp3,/mnt/nfs/analysis/audio_database/separated_sources/rockband_multitrack/Nirvana - Come As You Are
green day,nice guys finish last,169.98893424036282,171.38266666666667,1.0879999999999999,/mnt/nfs/analysis/audio_database/dali/audio/4f0fe413d6fa4fca9a6d5d06ecb9a491.mp3,/mnt/nfs/analysis/audio_database/separated_sources/rockband_multitrack/Green Day - Nice Guys Finish Last
lostprophets,rooftops (a liberation broadcast),251.60126984126984,251.00625850340137,4.899410430839002,/mnt/nfs/analysis/audio_database/dali/audio/507edd9f85ab441085ca290b3a2055c7.mp3,/mnt/nfs/analysis/audio_database/separated_sources/rockband_multitrack/Lostprophets - Rooftops (A Liberation Broadcast)
ramones,i wanna be sedated,149.72662131519274,152.06533333333334,3.84,/mnt/nfs/analysis/audio_database/dali/audio/54d5621fbac94103bcafb37ea33e6e69.mp3,/mnt/nfs/analysis/audio_database/separated_sources/rockband_multitrack/Ramones - I Wanna Be Sedated
amy winehouse,rehab,223.33604166666663,225.8333333333333,1.5786666666666667,/mnt/nfs/analysis/audio_database/dali/audio/58a89ba3448b4ce4b32cfa37f18c1f7b.mp3,/mnt/nfs/analysis/audio_database/separated_sources/rockband_multitrack/Amy Winehouse - Rehab
stone temple pilots,trippin' on a hole in a paper heart,177.03909297052155,177.548,2.2186666666666666,/mnt/nfs/analysis/audio_database/dali/audio/5a6aa14e71074e20aff8b62abcd8e503.mp3,/mnt/nfs/analysis/audio_database/separated_sources/rockband_multitrack/Stone Temple Pilots - Trippin' on a Hole in a Paper Heart
system of a down,toxicity,223.3012083333333,229.0663038548753,5.990748299319728,/mnt/nfs/analysis/audio_database/dali/audio/5b14107a6ab94e01a0a83a33a3e0b059.mp3,/mnt/nfs/analysis/audio_database/separated_sources/rockband_multitrack/System of a Down - Toxicity
john lennon,jealous guy,263.77868480725624,266.91333333333336,6.677333333333333,/mnt/nfs/analysis/audio_database/dali/audio/5b427fd9a624485cae56f85287b3d356.mp3,/mnt/nfs/analysis/audio_database/separated_sources/rockband_multitrack/John Lennon - Jealous Guy
r.e.m.,the one i love,200.04641666666663,203.6653333333333,4.458666666666667,/mnt/nfs/analysis/audio_database/dali/audio/5d66282991024ffca9a371e93b0952a8.mp3,/mnt/nfs/analysis/audio_database/separated_sources/rockband_multitrack/R.E.M. - The One I Love
the black crowes,remedy,324.3428333333333,321.00666666666666,5.589333333333333,/mnt/nfs/analysis/audio_database/dali/audio/5d8b5d13330044f784081088198dba91.mp3,/mnt/nfs/analysis/audio_database/separated_sources/rockband_multitrack/The Black Crowes - Remedy
foo fighters,something from nothing,288.468,293.6758276643991,5.224489795918368,/mnt/nfs/analysis/audio_database/dali/audio/5fc4128fc75d4d188d019b02ba9952c3.mp3,/mnt/nfs/analysis/audio_database/separated_sources/rockband_multitrack/Foo Fighters - Something From Nothing
pearl jam,porch,210.33285416666664,216.8555102040816,2.7631746031746034,/mnt/nfs/analysis/audio_database/dali/audio/607c2c25dd4c438883881a9e73266fb1.mp3,/mnt/nfs/analysis/audio_database/separated_sources/rockband_multitrack/Pearl Jam - Porch
green day,peacemaker,204.2557823129252,204.76666666666668,-0.10666666666666666,/mnt/nfs/analysis/audio_database/dali/audio/60da58fd8df041d2a47053bda257581f.mp3,/mnt/nfs/analysis/audio_database/separated_sources/rockband_multitrack/Green Day - Peacemaker
nirvana,polly,177.33079365079362,180.53659863945572,3.5526530612244898,/mnt/nfs/analysis/audio_database/dali/audio/617e14722f8d466da2c7617d44242ec0.mp3,/mnt/nfs/analysis/audio_database/separated_sources/rockband_multitrack/Nirvana - Polly
green day,minority,170.66231292517006,174.26,3.3706666666666667,/mnt/nfs/analysis/audio_database/dali/audio/620242415bc64b59924c2553188d33f8.mp3,/mnt/nfs/analysis/audio_database/separated_sources/rockband_multitrack/Green Day - Minority
foo fighters,monkey wrench,231.7162811791383,236.9349659863946,4.783310657596372,/mnt/nfs/analysis/audio_database/dali/audio/644ac526e96b43fe8099b12340af3ed7.mp3,/mnt/nfs/analysis/audio_database/separated_sources/rockband_multitrack/Foo Fighters - Monkey Wrench
megadeth,hangar 18,311.01242630385485,314.9627210884354,3.599092970521542,/mnt/nfs/analysis/audio_database/dali/audio/6497d5b140f44c188a5420f5e4fec19b.mp3,/mnt/nfs/analysis/audio_database/separated_sources/rockband_multitrack/Megadeth - Hangar 18
coldplay,yellow,272.7713125,276.32181405895693,1.0216780045351475,/mnt/nfs/analysis/audio_database/dali/audio/68797d0fe4c746db90d01ba81da68d98.mp3,/mnt/nfs/analysis/audio_database/separated_sources/rockband_multitrack/Coldplay - Yellow
panic! at the disco,nine in the afternoon,197.24841666666663,200.22131519274376,-2.8792743764172335,/mnt/nfs/analysis/audio_database/dali/audio/68e2c60b3b4d407c8244ca6cb412f049.mp3,/mnt/nfs/analysis/audio_database/separated_sources/rockband_multitrack/Panic! At the Disco - Nine in the Afternoon
queen,we are the champions,195.42564583333333,192.84133333333332,5.226666666666667,/mnt/nfs/analysis/audio_database/dali/audio/6c348d05c13a41e6a6adff85a1d508a1.mp3,/mnt/nfs/analysis/audio_database/separated_sources/rockband_multitrack/Queen - We Are The Champions
the coral,dreaming of you,140.01122916666668,140.96666666666667,3.52,/mnt/nfs/analysis/audio_database/dali/audio/6cc61a8baa9d408080afaaa83208b88b.mp3,/mnt/nfs/analysis/audio_database/separated_sources/rockband_multitrack/The Coral - Dreaming of You
nirvana,smells like teen spirit,301.3209977324263,304.244,3.968,/mnt/nfs/analysis/audio_database/dali/audio/6d7f12f8d1224068a6f8aaf31a893791.mp3,/mnt/nfs/analysis/audio_database/separated_sources/rockband_multitrack/Nirvana - Smells Like Teen Spirit
foo fighters,enough space,156.6432653061225,161.04344671201815,4.597551020408163,/mnt/nfs/analysis/audio_database/dali/audio/6f4ad11f83354da1ae0f22c24cbdf667.mp3,/mnt/nfs/analysis/audio_database/separated_sources/rockband_multitrack/Foo Fighters - Enough Space
b.b. king,the thrill is gone,325.4573958333333,333.04179166666665,-0.36266666666666664,/mnt/nfs/analysis/audio_database/dali/audio/729a2da1584948b7af6ec52d641cd86d.mp3,/mnt/nfs/analysis/audio_database/separated_sources/rockband_multitrack/B.B. King - The Thrill is Gone
iron maiden,2 minutes to midnight,364.03735416666666,370.54839002267573,5.178049886621316,/mnt/nfs/analysis/audio_database/dali/audio/73c7394b2b2c4f2bb2c45fd987cf97d7.mp3,/mnt/nfs/analysis/audio_database/separated_sources/rockband_multitrack/Iron Maiden - 2 Minutes to Midnight
poison,talk dirty to me,224.9186394557823,228.01466666666667,3.8826666666666667,/mnt/nfs/analysis/audio_database/dali/audio/751fa088a08b4fda977ca89f5ddcee17.mp3,/mnt/nfs/analysis/audio_database/separated_sources/rockband_multitrack/Poison - Talk Dirty To Me
scars on broadway,they say,168.978125,171.02802721088437,1.4628571428571429,/mnt/nfs/analysis/audio_database/dali/audio/75cbcf97065146cc9449cf72ea6afa0d.mp3,/mnt/nfs/analysis/audio_database/separated_sources/rockband_multitrack/Scars on Broadway - They Say
nirvana,sappy,206.2229375,210.62,1.7706666666666666,/mnt/nfs/analysis/audio_database/dali/audio/7a79a5aa99eb4bbf88becadd567d4464.mp3,/mnt/nfs/analysis/audio_database/separated_sources/rockband_multitrack/Nirvana - Sappy
blondie,hanging on the telephone,142.89124716553292,143.2801814058957,0.8126984126984127,/mnt/nfs/analysis/audio_database/dali/audio/7b01d2a4869445449c71b3e808b2bf62.mp3,/mnt/nfs/analysis/audio_database/separated_sources/rockband_multitrack/Blondie - Hanging on the Telephone
dire straits,sultans of swing,352.16033333333326,361.3586666666667,0.4053333333333333,/mnt/nfs/analysis/audio_database/dali/audio/7ccc8f9af62047578360bace6413443a.mp3,/mnt/nfs/analysis/audio_database/separated_sources/rockband_multitrack/Dire Straits - Sultans of Swing
lily allen,smile,199.14083333333332,193.5136507936508,-2.4613151927437644,/mnt/nfs/analysis/audio_database/dali/audio/7de0490290fc4915a6f8f02a9ce57507.mp3,/mnt/nfs/analysis/audio_database/separated_sources/rockband_multitrack/Lily Allen - Smile
beastie boys,sabotage,178.02229166666663,186.7288888888889,5.603555555555555,/mnt/nfs/analysis/audio_database/dali/audio/7e1eb51ff25a41368ed33da100ac1810.mp3,/mnt/nfs/analysis/audio_database/separated_sources/rockband_multitrack/Beastie Boys - Sabotage
queen,bicycle race,182.19027083333333,180.69727083333333,-0.832,/mnt/nfs/analysis/audio_database/dali/audio/7fd320dd60e64991a54c3903739f4ff4.mp3,/mnt/nfs/analysis/audio_database/separated_sources/rockband_multitrack/Queen - Bicycle Race
bon jovi,i'll be there for you,350.500125,345.36666666666673,5.781333333333333,/mnt/nfs/analysis/audio_database/dali/audio/807f707bb1c443ec9f93bba3f0b81dda.mp3,/mnt/nfs/analysis/audio_database/separated_sources/rockband_multitrack/Bon Jovi - I'll Be There For You
queen,hammer to fall,216.43755102040816,221.02533333333332,3.0506666666666664,/mnt/nfs/analysis/audio_database/dali/audio/81171230548549e896d7732be847c694.mp3,/mnt/nfs/analysis/audio_database/separated_sources/rockband_multitrack/Queen - Hammer to Fall
bon jovi,blaze of glory,342.2686458333333,340.70533333333333,0.384,/mnt/nfs/analysis/audio_database/dali/audio/82bf0ff1c5414d4d92172ad2a92e06f8.mp3,/mnt/nfs/analysis/audio_database/separated_sources/rockband_multitrack/Bon Jovi - Blaze Of Glory
kiss,shout it out loud,183.34476190476192,178.972,-7.637333333333333,/mnt/nfs/analysis/audio_database/dali/audio/82d48c15e917460db7cb83e911d580c6.mp3,/mnt/nfs/analysis/audio_database/separated_sources/rockband_multitrack/Kiss - Shout It Out Loud
red hot chili peppers,suck my kiss,218.93585416666667,221.50530612244896,3.9938321995464854,/mnt/nfs/analysis/audio_database/dali/audio/8404cf8259424ef892faf8b8200f94b6.mp3,/mnt/nfs/analysis/audio_database/separated_sources/rockband_multitrack/Red Hot Chili Peppers - Suck My Kiss
maroon 5,harder to breathe,179.8516099773243,175.8733333333333,1.0666666666666667,/mnt/nfs/analysis/audio_database/dali/audio/853e4bc739c64c42af355ad238d72e16.mp3,/mnt/nfs/analysis/audio_database/separated_sources/rockband_multitrack/Maroon 5 - Harder to Breathe
john lennon,imagine,187.9952708333333,193.4093333333333,7.210666666666667,/mnt/nfs/analysis/audio_database/dali/audio/888ce97e9b5147498dc70194b522c051.mp3,/mnt/nfs/analysis/audio_database/separated_sources/rockband_multitrack/John Lennon - Imagine
green day,before the lobotomy,277.17224489795916,284.27066666666667,3.861333333333333,/mnt/nfs/analysis/audio_database/dali/audio/88ac8d580bc5414b8c89c46a1c26f2b5.mp3,/mnt/nfs/analysis/audio_database/separated_sources/rockband_multitrack/Green Day - Before the Lobotomy
iggy pop,the passenger,289.79154166666666,292.4858049886621,-3.297233560090703,/mnt/nfs/analysis/audio_database/dali/audio/8ae4aadb042c44b49046be7ef0b2b075.mp3,/mnt/nfs/analysis/audio_database/separated_sources/rockband_multitrack/Iggy Pop - The Passenger
the rasmus,in the shadows,232.00897916666668,241.34249433106567,-2.693514739229025,/mnt/nfs/analysis/audio_database/dali/audio/8b25d04d1cb54bfda738ee484720e135.mp3,/mnt/nfs/analysis/audio_database/separated_sources/rockband_multitrack/The Rasmus - In The Shadows
bruce springsteen,the river,300.8906875,309.6554648526078,-0.3482993197278912,/mnt/nfs/analysis/audio_database/dali/audio/8cef9019e4454fbe8722774005235207.mp3,/mnt/nfs/analysis/audio_database/separated_sources/rockband_multitrack/Bruce Springsteen - The River
stevie nicks,edge of seventeen,328.278625,336.20135416666665,-0.29866666666666664,/mnt/nfs/analysis/audio_database/dali/audio/8e3ba70616ff49b1bda0e2c5f28b8578.mp3,/mnt/nfs/analysis/audio_database/separated_sources/rockband_multitrack/Stevie Nicks - Edge of Seventeen
eagles,life in the fast lane,290.14639455782316,290.156,2.837333333333333,/mnt/nfs/analysis/audio_database/dali/audio/915c867a5dd4449bb7a2eace1b280f29.mp3,/mnt/nfs/analysis/audio_database/separated_sources/rockband_multitrack/Eagles - Life In The Fast Lane
red hot chili peppers,scar tissue,220.77022916666667,220.06566893424042,4.899410430839002,/mnt/nfs/analysis/audio_database/dali/audio/92826d5549ff4c7a95aee7a62836cae2.mp3,/mnt/nfs/analysis/audio_database/separated_sources/rockband_multitrack/Red Hot Chili Peppers - Scar Tissue
bob dylan,tangled up in blue,342.68660416666665,350.41378684807256,4.365351473922902,/mnt/nfs/analysis/audio_database/dali/audio/980e824116b14379833ce2de70ec0875.mp3,/mnt/nfs/analysis/audio_database/separated_sources/rockband_multitrack/Bob Dylan - Tangled Up in Blue
counting crows,accidentally in love,194.10210416666663,194.99392290249432,4.435011337868481,/mnt/nfs/analysis/audio_database/dali/audio/98ec3201a8ef4876bff159b4c3a58d20.mp3,/mnt/nfs/analysis/audio_database/separated_sources/rockband_multitrack/Counting Crows - Accidentally in Love
red hot chili peppers,breaking the girl,297.49405895691615,300.6098866213152,3.320453514739229,/mnt/nfs/analysis/audio_database/dali/audio/9c89cdf204a541d58cdf7d273157445a.mp3,/mnt/nfs/analysis/audio_database/separated_sources/rockband_multitrack/Red Hot Chili Peppers - Breaking the Girl
the offspring,self esteem,255.9535600907029,261.0256689342404,3.8545124716553287,/mnt/nfs/analysis/audio_database/dali/audio/9c8bbe8d851c4f439032d2d0cc199540.mp3,/mnt/nfs/analysis/audio_database/separated_sources/rockband_multitrack/The Offspring - Self Esteem
screaming trees,nearly lost you,246.32379166666664,250.4780045351474,4.73687074829932,/mnt/nfs/analysis/audio_database/dali/audio/a166888490d744638d9a2d7637d9cd80.mp3,/mnt/nfs/analysis/audio_database/separated_sources/rockband_multitrack/Screaming Trees - Nearly Lost You
david bowie,ziggy stardust,198.30857142857144,198.73772916666667,-0.064,/mnt/nfs/analysis/audio_database/dali/audio/a1c2773d54d14d8ea7467a7fdd67dcc1.mp3,/mnt/nfs/analysis/audio_database/separated_sources/rockband_multitrack/David Bowie - Ziggy Stardust
reo speedwagon,take it on the run,243.83925,244.364,6.058666666666666,/mnt/nfs/analysis/audio_database/dali/audio/a87392ea6100446aabe6527651f2ae54.mp3,/mnt/nfs/analysis/audio_database/separated_sources/rockband_multitrack/REO Speedwagon - Take It on The Run
billy joel,she's always a woman,190.4681875,195.9368333333333,-0.36266666666666664,/mnt/nfs/analysis/audio_database/dali/audio/a8c8b907ceba45ffbafc70e812ceab3a.mp3,/mnt/nfs/analysis/audio_database/separated_sources/rockband_multitrack/Billy Joel - She's Always A Woman
green day,restless heart syndrome,260.33704166666666,260.764,0.08533333333333333,/mnt/nfs/analysis/audio_database/dali/audio/a8f63d0e35114ebc9c0964d0b753b1f4.mp3,/mnt/nfs/analysis/audio_database/separated_sources/rockband_multitrack/Green Day - Restless Heart Syndrome
oasis,live forever,279.18002083333334,281.0673922902494,1.5557369614512473,/mnt/nfs/analysis/audio_database/dali/audio/ad62c709fb214da8b553974280aa05ec.mp3,/mnt/nfs/analysis/audio_database/separated_sources/rockband_multitrack/Oasis - Live Forever
creedence clearwater revival,down on the corner,164.7753125,162.65466666666666,-2.6666666666666665,/mnt/nfs/analysis/audio_database/dali/audio/ae76ab0b3b7f4f4c81fe90a48e0ca0cb.mp3,/mnt/nfs/analysis/audio_database/separated_sources/rockband_multitrack/Creedence Clearwater Revival - Down on the Corner
sublime,santeria,183.5138125,186.31333333333333,2.752,/mnt/nfs/analysis/audio_database/dali/audio/b002c06845a84bbe8bee4cc2ca07e8fb.mp3,/mnt/nfs/analysis/audio_database/separated_sources/rockband_multitrack/Sublime - Santeria
red hot chili peppers,parallel universe,270.0088888888889,269.2253333333333,1.3866666666666667,/mnt/nfs/analysis/audio_database/dali/audio/b0a245ede453409cbcf8555a4ca0074d.mp3,/mnt/nfs/analysis/audio_database/separated_sources/rockband_multitrack/Red Hot Chili Peppers - Parallel Universe
queen,play the game,213.44433333333333,216.23066666666668,-3.264,/mnt/nfs/analysis/audio_database/dali/audio/b28487da44f7452f89095ee1bc7201c4.mp3,/mnt/nfs/analysis/audio_database/separated_sources/rockband_multitrack/Queen - Play The Game
the offspring,gone away,263.1118125,267.85523809523806,1.509297052154195,/mnt/nfs/analysis/audio_database/dali/audio/b3f05b2e58fe4b6eb54554ea5c32367f.mp3,/mnt/nfs/analysis/audio_database/separated_sources/rockband_multitrack/The Offspring - Gone Away
the offspring,pretty fly (for a white guy),201.224126984127,193.0347392290249,-7.569705215419502,/mnt/nfs/analysis/audio_database/dali/audio/b4562207e751499a94c75b9aa9922ae0.mp3,/mnt/nfs/analysis/audio_database/separated_sources/rockband_multitrack/The Offspring - Pretty Fly (For a White Guy)
foo fighters,doll,88.695125,92.06566893424036,3.4365532879818597,/mnt/nfs/analysis/audio_database/dali/audio/b6d0e327107b4998836e441f275139d6.mp3,/mnt/nfs/analysis/audio_database/separated_sources/rockband_multitrack/Foo Fighters - Doll
the black keys,lonely boy,192.5863038548753,192.00933333333333,-0.768,/mnt/nfs/analysis/audio_database/dali/audio/b7eaa3ed418e436bb92c1aff946b0d99.mp3,/mnt/nfs/analysis/audio_database/separated_sources/rockband_multitrack/The Black Keys - Lonely Boy
nirvana,heart-shaped box,284.19554166666666,284.18533333333335,4.4799999999999995,/mnt/nfs/analysis/audio_database/dali/audio/b998d9acdf274db9b1a2af261d91023d.mp3,/mnt/nfs/analysis/audio_database/separated_sources/rockband_multitrack/Nirvana - Heart-Shaped Box
iron maiden,the wicker man,275.4532291666667,280.15891156462584,4.504671201814059,/mnt/nfs/analysis/audio_database/dali/audio/c1d94dadcc4c450699bf6ddfbe9c0c1b.mp3,/mnt/nfs/analysis/audio_database/separated_sources/rockband_multitrack/Iron Maiden - The Wicker Man
the raconteurs,"steady, as she goes",215.02329166666667,222.444,4.458666666666667,/mnt/nfs/analysis/audio_database/dali/audio/c21fedb4c4e04bc799b747e71712639d.mp3,"/mnt/nfs/analysis/audio_database/separated_sources/rockband_multitrack/The Raconteurs - Steady, As She Goes"
green day,american idiot,182.2831458333333,178.26266666666663,1.7066666666666666,/mnt/nfs/analysis/audio_database/dali/audio/c30ba31fa1da4a84bd495b359698cd5a.mp3,/mnt/nfs/analysis/audio_database/separated_sources/rockband_multitrack/Green Day - American Idiot
r.e.m.,stand,193.91635416666668,188.9293333333333,-1.536,/mnt/nfs/analysis/audio_database/dali/audio/c6db7d0245894a83bf338adde0879a1a.mp3,/mnt/nfs/analysis/audio_database/separated_sources/rockband_multitrack/R.E.M. - Stand
creedence clearwater revival,travelin' band,127.55372916666668,128.812,2.453333333333333,/mnt/nfs/analysis/audio_database/dali/audio/c909d6ffecd243a6afa230bcec2a5f3d.mp3,/mnt/nfs/analysis/audio_database/separated_sources/rockband_multitrack/Creedence Clearwater Revival - Travelin' Band
nirvana,rape me,171.32698412698412,168.1,-0.6613333333333333,/mnt/nfs/analysis/audio_database/dali/audio/c92c0fda6be843979b43c50304a3d65b.mp3,/mnt/nfs/analysis/audio_database/separated_sources/rockband_multitrack/Nirvana - Rape Me
roy orbison,in dreams,171.78772916666668,174.108,2.389333333333333,/mnt/nfs/analysis/audio_database/dali/audio/ccc169aa6a884a9988718be959315781.mp3,/mnt/nfs/analysis/audio_database/separated_sources/rockband_multitrack/Roy Orbison - In Dreams
red hot chili peppers,naked in the rain,265.8285416666667,271.030566893424,3.7151927437641725,/mnt/nfs/analysis/audio_database/dali/audio/cd2a4b32d3d84a5bae3dd1ad57da3641.mp3,/mnt/nfs/analysis/audio_database/separated_sources/rockband_multitrack/Red Hot Chili Peppers - Naked in the Rain
the doors,love me two times,197.2368125,198.84133333333332,3.4986666666666664,/mnt/nfs/analysis/audio_database/dali/audio/cfd9bd7f80f84725b4c5288a695d2ea3.mp3,/mnt/nfs/analysis/audio_database/separated_sources/rockband_multitrack/The Doors - Love Me Two Times
coldplay,in my place,228.8602267573696,229.212,2.965333333333333,/mnt/nfs/analysis/audio_database/dali/audio/d22be1e24fb2425fb834971194ecd0bb.mp3,/mnt/nfs/analysis/audio_database/separated_sources/rockband_multitrack/Coldplay - In My Place
muse,assassin,211.23192743764173,220.24462585034013,3.4829931972789114,/mnt/nfs/analysis/audio_database/dali/audio/d46b926234b04b168862f4db8d81846a.mp3,/mnt/nfs/analysis/audio_database/separated_sources/rockband_multitrack/Muse - Assassin
red hot chili peppers,by the way,217.7980833333333,217.1266666666667,0.9173333333333333,/mnt/nfs/analysis/audio_database/dali/audio/d7ecab86f78d4a2e9ba4802dce113316.mp3,/mnt/nfs/analysis/audio_database/separated_sources/rockband_multitrack/Red Hot Chili Peppers - By the Way
ramones,teenage lobotomy,121.48680272108842,126.82013605442177,4.806530612244898,/mnt/nfs/analysis/audio_database/dali/audio/dc4c027e567542af8346f5595e52e862.mp3,/mnt/nfs/analysis/audio_database/separated_sources/rockband_multitrack/Ramones - Teenage Lobotomy
la roux,bulletproof,205.6424375,209.06,3.264,/mnt/nfs/analysis/audio_database/dali/audio/dfe90767bc53454fb6d24da1c902bf0c.mp3,/mnt/nfs/analysis/audio_database/separated_sources/rockband_multitrack/La Roux - Bulletproof
green day,geek stink breath,142.499410430839,137.012,0.6613333333333333,/mnt/nfs/analysis/audio_database/dali/audio/e31759f02bb84ecbaa3afc783668ce2a.mp3,/mnt/nfs/analysis/audio_database/separated_sources/rockband_multitrack/Green Day - Geek Stink Breath
green day,whatsername,251.478625,250.756,3.6906666666666665,/mnt/nfs/analysis/audio_database/dali/audio/e3ede55a27094c0297fb8e564eebcb12.mp3,/mnt/nfs/analysis/audio_database/separated_sources/rockband_multitrack/Green Day - Whatsername
green day,emenius sleepus,104.02029166666668,106.26,2.389333333333333,/mnt/nfs/analysis/audio_database/dali/audio/e4a4b6c3555b46efad0e0573fb6a0a0f.mp3,/mnt/nfs/analysis/audio_database/separated_sources/rockband_multitrack/Green Day - Emenius Sleepus
the doors,touch me,188.71508333333333,194.826,4.010666666666666,/mnt/nfs/analysis/audio_database/dali/audio/e4decf8b09e24e87a07032fba9932eb0.mp3,/mnt/nfs/analysis/audio_database/separated_sources/rockband_multitrack/The Doors - Touch Me
r.e.m.,superman,173.12943310657596,166.03599999999997,-8.149333333333333,/mnt/nfs/analysis/audio_database/dali/audio/e5e54273933e4b6f8278bf649a945d50.mp3,/mnt/nfs/analysis/audio_database/separated_sources/rockband_multitrack/R.E.M. - Superman
green day,good riddance (time of your life),153.38591666666667,157.516,2.496,/mnt/nfs/analysis/audio_database/dali/audio/e64aed27b6d64630985a5bc2ad571383.mp3,/mnt/nfs/analysis/audio_database/separated_sources/rockband_multitrack/Green Day - Good Riddance (Time of Your Life)
talking heads,psycho killer,267.709375,268.4879818594104,3.7151927437641725,/mnt/nfs/analysis/audio_database/dali/audio/e6f626267ded4fbd983101bb01d19559.mp3,/mnt/nfs/analysis/audio_database/separated_sources/rockband_multitrack/Talking Heads - Psycho Killer
siouxsie and the banshees,the killing jar,245.32533333333333,251.46485260770973,3.6919727891156464,/mnt/nfs/analysis/audio_database/dali/audio/e727343bcbf44561a637ae862515a8be.mp3,/mnt/nfs/analysis/audio_database/separated_sources/rockband_multitrack/Siouxsie and The Banshees - The Killing Jar
franz ferdinand,take me out,235.01566666666668,240.74533333333332,2.816,/mnt/nfs/analysis/audio_database/dali/audio/e8ec40bdaa6840d5b1944c399e1d29f3.mp3,/mnt/nfs/analysis/audio_database/separated_sources/rockband_multitrack/Franz Ferdinand - Take Me Out
jefferson airplane,somebody to love,181.02927083333333,181.04163265306119,3.1579138321995464,/mnt/nfs/analysis/audio_database/dali/audio/ecd0c9f3ad8940fe92473567e1cd2aab.mp3,/mnt/nfs/analysis/audio_database/separated_sources/rockband_multitrack/Jefferson Airplane - Somebody To Love
green day,hitchin' a ride,172.30222222222218,169.02,0.128,/mnt/nfs/analysis/audio_database/dali/audio/ee7eded5a9c543cf8d36c2162115a7a1.mp3,/mnt/nfs/analysis/audio_database/separated_sources/rockband_multitrack/Green Day - Hitchin' a Ride
red hot chili peppers,tell me baby,247.98402083333332,247.6887074829932,3.9706122448979593,/mnt/nfs/analysis/audio_database/dali/audio/ee930f6836b748c69e819c7e927227ce.mp3,/mnt/nfs/analysis/audio_database/separated_sources/rockband_multitrack/Red Hot Chili Peppers - Tell Me Baby
green day,homecoming,558.6068027210885,559.7586666666666,3.861333333333333,/mnt/nfs/analysis/audio_database/dali/audio/eeff47a4e85244f89fe2c51558316ce8.mp3,/mnt/nfs/analysis/audio_database/separated_sources/rockband_multitrack/Green Day - Homecoming
iron maiden,wasted years,309.71427083333333,310.7918367346938,4.2260317460317465,/mnt/nfs/analysis/audio_database/dali/audio/ef8e025c01584c2196c9de90881c8838.mp3,/mnt/nfs/analysis/audio_database/separated_sources/rockband_multitrack/Iron Maiden - Wasted Years
creedence clearwater revival,who'll stop the rain,150.04734693877555,152.75392290249434,3.4829931972789114,/mnt/nfs/analysis/audio_database/dali/audio/f00353cc98844dc596a36c3de1592a70.mp3,/mnt/nfs/analysis/audio_database/separated_sources/rockband_multitrack/Creedence Clearwater Revival - Who'll Stop the Rain
metallica,battery,312.6784580498866,316.3152834467121,2.2987755102040817,/mnt/nfs/analysis/audio_database/dali/audio/f1362430bc7a4966aef97ddcb1cfd5be.mp3,/mnt/nfs/analysis/audio_database/separated_sources/rockband_multitrack/Metallica - Battery
orgy,blue monday,266.2348958333333,274.52133333333336,2.901333333333333,/mnt/nfs/analysis/audio_database/dali/audio/f43ce97aec4047b6873e85d918f0b945.mp3,/mnt/nfs/analysis/audio_database/separated_sources/rockband_multitrack/Orgy - Blue Monday
fleetwood mac,don't stop,197.9333958333333,193.7303958333333,-2.2613333333333334,/mnt/nfs/analysis/audio_database/dali/audio/f4568f2f17f144138ad1640aee81aaeb.mp3,/mnt/nfs/analysis/audio_database/separated_sources/rockband_multitrack/Fleetwood Mac - Don't Stop
iron maiden,the trooper,254.06764583333333,256.4658503401361,3.622312925170068,/mnt/nfs/analysis/audio_database/dali/audio/f5cc27cd7a5e4a72b9e85ad5c158d443.mp3,/mnt/nfs/analysis/audio_database/separated_sources/rockband_multitrack/Iron Maiden - The Trooper
queen,don't stop me now,210.77404166666668,215.34657596371883,-4.574331065759638,/mnt/nfs/analysis/audio_database/dali/audio/f5cc7c27ecc64fbabe674d0d5b477679.mp3,/mnt/nfs/analysis/audio_database/separated_sources/rockband_multitrack/Queen - Don't Stop Me Now
fleetwood mac,landslide,199.791,195.4765833333333,-0.29866666666666664,/mnt/nfs/analysis/audio_database/dali/audio/f69f6066baaf438f853c01c9ce3561e1.mp3,/mnt/nfs/analysis/audio_database/separated_sources/rockband_multitrack/Fleetwood Mac - Landslide
foo fighters,my hero,259.8530612244898,255.00589569161,5.9675283446712015,/mnt/nfs/analysis/audio_database/dali/audio/f81da6232c9d4941a4d993b586eb7c6a.mp3,/mnt/nfs/analysis/audio_database/separated_sources/rockband_multitrack/Foo Fighters - My Hero
rick springfield,jessie's girl,195.21015873015872,197.03437641723357,3.6687528344671203,/mnt/nfs/analysis/audio_database/dali/audio/f946ef7504e54bffad8374c89f5ec8da.mp3,/mnt/nfs/analysis/audio_database/separated_sources/rockband_multitrack/Rick Springfield - Jessie's Girl
roy orbison,you got it,210.2632083333333,213.95066666666668,3.6906666666666665,/mnt/nfs/analysis/audio_database/dali/audio/fe66b34cd1b349dfb751798b6dbcf952.mp3,/mnt/nfs/analysis/audio_database/separated_sources/rockband_multitrack/Roy Orbison - You Got It
blink-182,dammit,170.63835416666666,169.80607709750566,1.6950566893424037,/mnt/nfs/analysis/audio_database/dali/audio/fecaf1f8ac46423c95966194eebb7d7d.mp3,/mnt/nfs/analysis/audio_database/separated_sources/rockband_multitrack/Blink-182 - Dammit
